"","baseMean","log2FoldChange","lfcSE","stat","pvalue","padj"
"ACYP1",5.94126556203087,-1.51146657766042,0.455781063587873,-3.31621187980535,0.000912466206559717,0.037656254643845
"ANAPC11",23.8977524473301,-1.11948370835595,0.316271830429709,-3.53962509666112,0.000400695813191352,0.0230427344370085
"ANXA1",16.0594120525855,-2.81331371964278,0.819769027970599,-3.4318370463536,0.000599507663904906,0.0281592731881917
"ANXA2",154.319896788646,-1.71420840406192,0.353492630271939,-4.84934693756754,1.23868607790884e-06,0.000380551889490884
"C10orf99",35.8214883381015,1.4037537851809,0.308950750293025,4.543616689228,5.52971716604119e-06,0.00127413899700866
"C19orf10",32.8729544101611,-1.48643064703403,0.352350228457994,-4.21861695262458,2.4580546061478e-05,0.00323643856476127
"C20orf24",20.2568949063394,-1.0912366217533,0.341816974067691,-3.19245884359505,0.00141067046246962,0.0490388620767804
"C21orf59",5.78670799683232,-1.514472554907,0.438752886052643,-3.45176659356558,0.000556929269857418,0.0281592731881917
"CASP1",5.50406760251789,1.38413565928164,0.404461435295059,3.42216967675027,0.000621235321692474,0.0281592731881917
"CLCA1",19.6002222213186,3.6077495543847,0.623000119974989,5.79092914866459,6.99981025616189e-09,4.8386188395719e-06
"CRELD2",9.30244617076334,-1.15692212281839,0.362581770695105,-3.1907895441088,0.00141884591903885,0.0490388620767804
"DEFA5",5.93128123430114,3.34669443348471,1.01772174809857,3.28841791947298,0.00100752158149259,0.0393714511316752
"EMC6",22.259787031933,-1.68218739784764,0.415834090365003,-4.04533307110796,5.22487852596955e-05,0.00531839980808846
"ENO1",60.3282646921498,-1.15666357774211,0.336745901282941,-3.43482600184719,0.000592934408153277,0.0281592731881917
"FXYD5",9.27270274916686,-2.87955564100223,0.675129743676401,-4.26518853297988,1.99733470515674e-05,0.00290664761039915
"GABARAP",6.51729554581573,1.55853396375172,0.377774448521945,4.12556743805607,3.6982179155941e-05,0.00444590110287725
"GAPDH",360.942413943779,-1.17883023215511,0.286460627809382,-4.11515621246047,3.86917286941297e-05,0.00445760957663619
"HERPUD1",14.3090623053556,-1.01024895499382,0.309060397984303,-3.26877517010489,0.00108014092177334,0.0407733464256897
"HLA-DRB5",5.50858179474369,-1.87097063301839,0.525985825361782,-3.55707424573943,0.000375008193439491,0.022061652231068
"HM13",8.86763989217825,-1.19614406303292,0.359026683311323,-3.33162998360126,0.000863389689038326,0.0367272690798611
"HMGA1",21.1152208469065,-1.61311027068857,0.370683048299246,-4.35172387323828,1.35071306226809e-05,0.00214224337516947
"HNRNPA0",26.3116227999773,-1.43097946704642,0.438670473493067,-3.26208293813748,0.00110596780539846,0.0407733464256897
"HSP90AA1",112.814217053465,-1.48393315941988,0.381821200397445,-3.88646088241099,0.000101716308430316,0.00827192920028894
"IDH2",48.8792973585531,-1.49278564877031,0.464662234587672,-3.21262529565151,0.00131527763913626,0.0466249060539971
"IFT43",3.78623902771861,-1.21628347274741,0.331995509513392,-3.66355398761303,0.00024873975880283,0.0156310325702233
"IGHG1",15.6222425265399,-3.21461565241092,0.980115565560333,-3.27983328228556,0.00103868446405199,0.0398883686542188
"IGHG3",6.07620832108985,-2.84509741202212,0.871412441045457,-3.26492631733463,0.00109492555177439,0.0407733464256897
"IGHG4",3.95766709353372,-3.41764681012328,0.808800591606552,-4.22557407300442,2.38332409661504e-05,0.00323643856476127
"IGKC",7.80104940934868,-2.53571565769013,0.577001415138348,-4.39464374118067,1.10954566437237e-05,0.00205256725756961
"IRF1",7.7817395806341,1.72699687644638,0.397494036873553,4.34471140757201,1.39458881566186e-05,0.00214224337516947
"ITGAE",5.3177138406665,-1.59740490876108,0.445239654626122,-3.58774177493795,0.000333554387180852,0.0200495191425012
"KRT19",279.628897560557,-1.37994210549006,0.356411442579989,-3.87176712257313,0.000108049159086716,0.00853588356785053
"KRT7",9.53139003850212,-2.99798763174138,0.87232727287498,-3.43676934673926,0.00058869669634051,0.0281592731881917
"KTN1",13.3139314980698,0.831954318045982,0.252137195950436,3.2996096228877,0.000968194054363716,0.0387979211639953
"LDHA",79.4416246940965,-1.29471732907592,0.393836136566893,-3.28745183304429,0.00101098482110269,0.0393714511316752
"LGALS1",7.62742467481038,-2.33996401296128,0.623236893897958,-3.75453384719614,0.000173664377476953,0.0120045500930944
"LYZ",26.2025466954549,-2.56075177932813,0.547470612814014,-4.67742326143462,2.90502233342418e-06,0.000730216977447077
"MS4A12",20.1966498436319,2.49345672194193,0.50855819160804,4.90299195468215,9.43878515824265e-07,0.000372832013750585
"MT-ND6",7.89678848022338,0.707456229971729,0.178536389697088,3.96253240682209,7.41589370984743e-05,0.00661449874442843
"MT1E",33.7822168810333,-1.07843450670065,0.305105666166332,-3.53462628292432,0.00040835225584572,0.0230427344370085
"MT1X",16.6034874839353,-1.62230900315099,0.369221053675435,-4.39386916591458,1.11350845799436e-05,0.00205256725756961
"NME1-NME2",4.76690124401406,1.95132067325304,0.570094187416004,3.42280401436393,0.000619787468287271,0.0281592731881917
"OCIAD2",34.9171303685522,-1.33702893943573,0.331093236173687,-4.03822486646735,5.38572132464654e-05,0.00531839980808846
"PDCD6",35.9111989792787,-1.3786131357788,0.337827830377406,-4.08081576416803,4.48779170275309e-05,0.00496349762324492
"PFN1",278.524669781265,-1.25405928227244,0.303218860311608,-4.13582216153602,3.53686029398681e-05,0.00444519032403343
"PHLDA2",28.1802720845813,-1.97939007725806,0.385788544739828,-5.13076425997288,2.88568125267521e-07,0.000132981811060782
"POP7",7.009184810536,-1.45087562979643,0.365949389802698,-3.96468929919153,7.34916068639568e-05,0.00661449874442843
"PPIB",51.1065581573036,-1.2920337822144,0.347476715201584,-3.71833197935246,0.000200542611022594,0.0132023885589875
"PRDX4",16.6114476309805,-1.43116468369798,0.419430069540086,-3.4121651918454,0.00064449044114232,0.0287421946735245
"PSMB7",19.1148741592567,-1.25324702948481,0.358742254480349,-3.4934469353218,0.000476827739229985,0.0258515431170767
"RAN",35.1361944835058,-1.40649572215979,0.389412368484457,-3.61184142053242,0.000304030470961255,0.0186809833823971
"REG4",295.192977046998,-3.50482605802556,0.590301529606492,-5.93734876540461,2.89668037218616e-09,2.66977374303157e-06
"RNA18S5",257.512330587723,1.13047867366997,0.282367622538178,4.00357046430536,6.23936056005062e-05,0.00594890756846206
"RP11-665N17.4",5.17869301246391,1.34770861453076,0.357976247222159,3.76479899152184,0.000166683114005111,0.0120045500930944
"RPL22L1",16.9867441830598,-1.71974285348615,0.42387912518487,-4.05715391796213,4.96743469241705e-05,0.00528267574020506
"RPL27",135.348875978408,-1.1692752324083,0.336213921547551,-3.47777161346046,0.000505600515887315,0.0268843351236236
"RPL29",275.115300335658,-1.07244992559894,0.320808904963116,-3.34295560069394,0.000828911611958308,0.0358115719853863
"RPL36AL",100.052016963497,-0.950087945403266,0.273689745434229,-3.4714049804675,0.000517742527435698,0.027010529969051
"RPS4Y1",18.4716634754608,-7.59065451116693,0.488000285401242,-15.5546108029953,1.4805248446914e-54,4.09365119557171e-51
"S100A11",115.356639344012,-1.9880734804152,0.384764348108781,-5.1669898476486,2.3789417962053e-07,0.000131555481330153
"S100A14",90.6295224623477,-1.68745311627199,0.352961520000047,-4.78084159506046,1.74562871178838e-06,0.000482666338809488
"S100A6",1250.3866757371,-1.08105288644384,0.327590967083741,-3.30000822692859,0.000966819942248993,0.0387979211639953
"S100P",104.317423371207,-1.9242982565649,0.396322204283992,-4.85538845859368,1.2015097147646e-06,0.000380551889490884
"SERPINB6",23.692702405909,-1.09756999147267,0.319830953579009,-3.43171909782502,0.000599768439929435,0.0281592731881917
"SPCS1",24.0219006011262,-1.06746422938649,0.311544030312556,-3.42636714404561,0.000611712930000569,0.0281592731881917
"SPINK4",282.74904066167,-2.96868568729701,0.65822853218591,-4.51011395303438,6.47928114391807e-06,0.00137809325868719
"SRP9",41.0998700929687,-1.47545375520789,0.420799889362591,-3.50630737437418,0.000454370180367796,0.0251266709743391
"SSBP1",15.4636265037308,-1.04456310504206,0.322708602718929,-3.23686166479995,0.00120851980311002,0.0433968474753142
"SSR2",37.939074315002,-1.29146967982954,0.342553238996998,-3.7701283561381,0.000163163609213968,0.0120045500930944
"TAGLN2",49.0630262323248,-1.34872954588599,0.366263659368165,-3.68240067336371,0.000231047899291813,0.0148569172451596
"TMSB10",605.867311479452,-1.0856606939476,0.283355476116087,-3.83144419451002,0.000127393271706955,0.00978451100749253
"TNFRSF12A",9.02926647162763,-2.21510734557218,0.508003339711036,-4.36041886423854,1.29813710316579e-05,0.00214224337516947
"TXN",150.179333479808,-1.20152608146001,0.321526125323184,-3.73694697515573,0.00018626818498394,0.0125617446702584
"TXNDC17",50.2054837289069,-1.19927750460625,0.307195622973644,-3.90395375102444,9.46338726285151e-05,0.00792917144902558
"UBBP4",3.92419973298457,1.73597953885474,0.439787213521919,3.94731698757818,7.90318886046455e-05,0.00682884912474515
"UBE2I",12.9198500046876,-1.19508103279445,0.359828263637591,-3.32125392461694,0.000896139663173123,0.0375428207374801
"UCHL3",5.48241529038939,-1.27264903708034,0.374450538329355,-3.39871066218352,0.000677042998869371,0.029714664950378
"UQCRH",100.192110987235,-1.07034269089805,0.328985736220294,-3.25346230263712,0.00114007851076955,0.0414778563457605
"VSIG2",15.5264975930926,0.93799916512077,0.249736697379627,3.75595246899141,0.000172683467636737,0.0120045500930944
"XIST",8.39963132873025,5.92835660704729,0.393791395309964,15.0545610636843,3.22230947219766e-51,4.45484284531327e-48
