,baseMean,log2FoldChange,lfcSE,stat,pvalue,padj
CLCA1,19.60022222,3.607749554,0.62300012,5.790929149,7.00E-09,4.84E-06
DEFA5,5.931281234,3.346694433,1.017721748,3.288417919,0.001007522,0.039371451
MS4A12,20.19664984,2.493456722,0.508558192,4.902991955,9.44E-07,0.000372832
UBBP4,3.924199733,1.735979539,0.439787214,3.947316988,7.90E-05,0.006828849
IRF1,7.781739581,1.726996876,0.397494037,4.344711408,1.39E-05,0.002142243
CASP1,5.504067603,1.384135659,0.404461435,3.422169677,0.000621235,0.028159273
RP11-665N17.4,5.178693012,1.347708615,0.357976247,3.764798992,0.000166683,0.01200455
VSIG2,15.52649759,0.937999165,0.249736697,3.755952469,0.000172683,0.01200455
KTN1,13.3139315,0.831954318,0.252137196,3.299609623,0.000968194,0.038797921
MT-ND6,7.89678848,0.70745623,0.17853639,3.962532407,7.42E-05,0.006614499
RPL36AL,100.052017,-0.950087945,0.273689745,-3.47140498,0.000517743,0.02701053
HERPUD1,14.30906231,-1.010248955,0.309060398,-3.26877517,0.001080141,0.040773346
SSBP1,15.4636265,-1.044563105,0.322708603,-3.236861665,0.00120852,0.043396847
SPCS1,24.0219006,-1.067464229,0.31154403,-3.426367144,0.000611713,0.028159273
UQCRH,100.192111,-1.070342691,0.328985736,-3.253462303,0.001140079,0.041477856
RPL29,275.1153003,-1.072449926,0.320808905,-3.342955601,0.000828912,0.035811572
MT1E,33.78221688,-1.078434507,0.305105666,-3.534626283,0.000408352,0.023042734
S100A6,1250.386676,-1.081052886,0.327590967,-3.300008227,0.00096682,0.038797921
TMSB10,605.8673115,-1.085660694,0.283355476,-3.831444195,0.000127393,0.009784511
C20orf24,20.25689491,-1.091236622,0.341816974,-3.192458844,0.00141067,0.049038862
SERPINB6,23.69270241,-1.097569991,0.319830954,-3.431719098,0.000599768,0.028159273
ANAPC11,23.89775245,-1.119483708,0.31627183,-3.539625097,0.000400696,0.023042734
ENO1,60.32826469,-1.156663578,0.336745901,-3.434826002,0.000592934,0.028159273
RPL27,135.348876,-1.169275232,0.336213922,-3.477771613,0.000505601,0.026884335
GAPDH,360.9424139,-1.178830232,0.286460628,-4.115156212,3.87E-05,0.00445761
UBE2I,12.91985,-1.195081033,0.359828264,-3.321253925,0.00089614,0.037542821
TXNDC17,50.20548373,-1.199277505,0.307195623,-3.903953751,9.46E-05,0.007929171
TXN,150.1793335,-1.201526081,0.321526125,-3.736946975,0.000186268,0.012561745
IFT43,3.786239028,-1.216283473,0.33199551,-3.663553988,0.00024874,0.015631033
PSMB7,19.11487416,-1.253247029,0.358742254,-3.493446935,0.000476828,0.025851543
PFN1,278.5246698,-1.254059282,0.30321886,-4.135822162,3.54E-05,0.00444519
UCHL3,5.48241529,-1.272649037,0.374450538,-3.398710662,0.000677043,0.029714665
SSR2,37.93907432,-1.29146968,0.342553239,-3.770128356,0.000163164,0.01200455
PPIB,51.10655816,-1.292033782,0.347476715,-3.718331979,0.000200543,0.013202389
LDHA,79.44162469,-1.294717329,0.393836137,-3.287451833,0.001010985,0.039371451
OCIAD2,34.91713037,-1.337028939,0.331093236,-4.038224866,5.39E-05,0.0053184
TAGLN2,49.06302623,-1.348729546,0.366263659,-3.682400673,0.000231048,0.014856917
PDCD6,35.91119898,-1.378613136,0.33782783,-4.080815764,4.49E-05,0.004963498
KRT19,279.6288976,-1.379942105,0.356411443,-3.871767123,0.000108049,0.008535884
RAN,35.13619448,-1.406495722,0.389412368,-3.611841421,0.00030403,0.018680983
HNRNPA0,26.3116228,-1.430979467,0.438670473,-3.262082938,0.001105968,0.040773346
PRDX4,16.61144763,-1.431164684,0.41943007,-3.412165192,0.00064449,0.028742195
SRP9,41.09987009,-1.475453755,0.420799889,-3.506307374,0.00045437,0.025126671
HSP90AA1,112.8142171,-1.483933159,0.3818212,-3.886460882,0.000101716,0.008271929
C19orf10,32.87295441,-1.486430647,0.352350228,-4.218616953,2.46E-05,0.003236439
IDH2,48.87929736,-1.492785649,0.464662235,-3.212625296,0.001315278,0.046624906
ACYP1,5.941265562,-1.511466578,0.455781064,-3.31621188,0.000912466,0.037656255
C21orf59,5.786707997,-1.514472555,0.438752886,-3.451766594,0.000556929,0.028159273
ITGAE,5.317713841,-1.597404909,0.445239655,-3.587741775,0.000333554,0.020049519
HMGA1,21.11522085,-1.613110271,0.370683048,-4.351723873,1.35E-05,0.002142243
MT1X,16.60348748,-1.622309003,0.369221054,-4.393869166,1.11E-05,0.002052567
EMC6,22.25978703,-1.682187398,0.41583409,-4.045333071,5.22E-05,0.0053184
S100A14,90.62952246,-1.687453116,0.35296152,-4.780841595,1.75E-06,0.000482666
ANXA2,154.3198968,-1.714208404,0.35349263,-4.849346938,1.24E-06,0.000380552
RPL22L1,16.98674418,-1.719742853,0.423879125,-4.057153918,4.97E-05,0.005282676
HLA-DRB5,5.508581795,-1.870970633,0.525985825,-3.557074246,0.000375008,0.022061652
S100P,104.3174234,-1.924298257,0.396322204,-4.855388459,1.20E-06,0.000380552
PHLDA2,28.18027208,-1.979390077,0.385788545,-5.13076426,2.89E-07,0.000132982
S100A11,115.3566393,-1.98807348,0.384764348,-5.166989848,2.38E-07,0.000131555
TNFRSF12A,9.029266472,-2.215107346,0.50800334,-4.360418864,1.30E-05,0.002142243
LGALS1,7.627424675,-2.339964013,0.623236894,-3.754533847,0.000173664,0.01200455
LYZ,26.2025467,-2.560751779,0.547470613,-4.677423261,2.91E-06,0.000730217
ANXA1,16.05941205,-2.81331372,0.819769028,-3.431837046,0.000599508,0.028159273
IGHG3,6.076208321,-2.845097412,0.871412441,-3.264926317,0.001094926,0.040773346
FXYD5,9.272702749,-2.879555641,0.675129744,-4.265188533,2.00E-05,0.002906648
SPINK4,282.7490407,-2.968685687,0.658228532,-4.510113953,6.48E-06,0.001378093
KRT7,9.531390039,-2.997987632,0.872327273,-3.436769347,0.000588697,0.028159273
IGHG1,15.62224253,-3.214615652,0.980115566,-3.279833282,0.001038684,0.039888369
IGHG4,3.957667094,-3.41764681,0.808800592,-4.225574073,2.38E-05,0.003236439
REG4,295.192977,-3.504826058,0.59030153,-5.937348765,2.90E-09,2.67E-06
